{"search":"","showTags":true,"showAttachments":false,"hideUnresolved":false,"showOrphans":true,"showArrow":false,"textFadeMultiplier":-3,"nodeSizeMultiplier":1.18424260896068,"lineSizeMultiplier":1.62381387788276,"centerStrength":0.504927359544854,"repelStrength":12.8233262216804,"linkStrength":0.48846896271462,"linkDistance":182,"scale":0.3971541362254566}